 , , , , , , , , , , , , , , , , , , , , , , , , , , , , , , , , , , , , , , , , , , , , , , , , , , , , , , , , , , , , , , , , , , , , , , , , , , ,472
 , , , , , , , , , , , , , , , , , , , , , , , , , , , , , , , , , , , , , , , , , , , , , , , , , , , , , , , , , , , , , , , , , , , , , , , , , , , 
 , , , , , , , , , , , , , , , , , , , , , , , , , , , , , , , , , , , , , , , , , , , , , , , , , , , , , , , , , , , , , , , , ,0, ,0, ,0, ,0, ,282, , 
 , , , , , , , , , , , , , , , , , , , , , , , , , , , , , , , , , , , , , , , , , , , , , , , , , , , , , ,0, ,0, ,0, ,0, ,4, ,0,0,0,0,0,0,0,0,10, , , 
 , , , , , , , , , , , , , , , , , , , , , , , , , , , , , , , , , , , , , , , , , , , ,0, ,0, ,0, ,0, ,3998,0,0,0,0,0,0,0,0,0, , ,0,0,0,0,0,0,0,22,0,0, , 
 , , , , , , , , , , , , , , , , , , , , , , , , , , , , , , , , , , ,0, ,0, ,0, ,0, ,0,0,0,0,0,0,0,0,206, ,0,0,0,0,0,0,0,0,0,0, ,0,0,0,0,0,0,6,0,0, , , 
 , , , , , , , , , , , , , , , , , , , , , , , , , , ,0, ,0, ,0, ,0,0,0,0,0,0,0,0,0,2,0,0,0,0,0,1,0,294,0,0,0,0,0,0,1,2,0,0,0, , ,0,0,0,0,1,0,0,0,0,0, , 
 , , , , , , , , , , , , , , , , , , , ,0, ,0, ,2, ,0,0,0,2,33,25,0,0,0,0,0,47,4,6,0,419,0,0,0,1,38,14,0,4,0,0, ,0,0,7,55,20,5,0,0,0,0, ,0,0,1,73,10,0,0,0,0, , , 
 , , , , , , , , , , , , , ,0, ,36, ,32,0,0,8,71,391,198,0,0,8,370,2423,160,146,9,45200,1,383,1388,987,555,10,39,0,0,0,142,2630,645,106,1111,0,0,0,0,8,127,2788,795,73,4,0,0,0, , ,0,167,3373,4358,17,0,0,0,0,0, , 
 , , , , , , , , ,166, ,623, ,30,5891,8040,5804,4910,5354,47,25763,21037,49444,1755,882,905,883,78270,64534,15755,8087,166,830,8,1737,113694,44582,11258,973,5989,0,0,0,9481,131544,39831,10033,218,2,0,0,0, ,7408,199096,30009,13035,70,0,0,0,0,0, ,4341,245836,27905,594,4,0,0,0,0, , , 
 , , , , , , ,2002209,509853,1348258,136886,159654,589991,3208470,2331137,1032439,839034,21974,10713,1478568,1278529,1362606,130961,64801,644,506,2503467,1899480,583784,98378,6463,40731,0,6,4586029,1183788,381192,67091,2715,45,1360,0,0,6521929,1481476,116442,31884,5222,1,0,0,0,0,10891574,907029,155758,1194,34,982,0,0,0, , ,14767243,751112,24984,7305,1,4,0,0,0,0, , 
 , , , , , , , , , , , , , , , , , , , , , , , , , , , , , , , , , , , , , , , , , , , , , , , , , , , , , , , , , , , , , , ,2204, , , , , , , , , , , , 
 , , , , , , , , , , , , , , , , , , , , , , , , , , , , , , , , , , , , , , , , , , , , , , , , , , , , , , , , , , , , , , , ,0, ,0, ,0, ,0, ,2, , , 
 , , , , , , , , , , , , , , , , , , , , , , , , , , , , , , , , , , , , , , , , , , , , , , , , , , , , ,0, ,0, ,0, ,0, ,1658, , ,0,0,0,0,0,0,0,0, , , , 
 , , , , , , , , , , , , , , , , , , , , , , , , , , , , , , , , , , , , , , , , , , ,0, ,0, ,0, ,0, ,26, ,0,0,0,0,0,0,0,86, , , ,0,0,0,0,0,0,0,0,0, , , 
 , , , , , , , , , , , , , , , , , , , , , , , , , , , , , , , , , ,0, ,0, ,0, ,0, ,16274,0,0,0,0,0,0,0,0, , ,0,0,0,0,0,0,94,0,0, , ,0,0,0,0,0,1,0,0, , , , 
 , , , , , , , , , , , , , , , , , , , , , , , , , ,0, ,0, ,0, ,6, ,0,0,0,0,14,2,2,724, ,0,0,0,0,10,4,19,0,0, ,0,0,0,1,15,3,0,0, , , ,0,0,0,0,7,0,0,0,0, , , 
 , , , , , , , , , , , , , , , , , , ,0, ,0, ,24, ,57,0,0,0,43,218,28,18,87,0,0,82,50,253,42,1175,0,0,0,0,17,288,80,25,0,0, , ,0,2,26,334,862,4,0,0,0, , ,0,0,17,256,25,0,0,0, , , , 
 , , , , , , , , , , , , ,0, ,53, ,786, ,0,0,106,2120,2658,167,96,0,46,6016,1308,2609,823,14164,0,419,133,4768,5398,905,159,2,0, ,29,1435,7448,3273,5541,8,0,0,0, ,45,1050,11001,2547,136,3,0,0, , , ,29,439,23560,1110,6,0,0,0,0, , , 
 , , , , , , , ,41, ,1216, ,18900,66,18823,41917,64598,30364,852,629,62763,155042,23098,23023,6301,29958,24719,177731,110189,73076,5463,1885,16,0,15609,242615,110119,24317,20986,40,0,0,0,16861,362837,109519,11701,616,3,0,0, , ,18442,443235,95283,3531,80,0,0,0,0, , ,13017,514166,45469,729,0,0,0,0, , , , 
 , , , , , , , ,1228289,286771,772657,2426362,308496,5614763,2506781,4139627,395602,173893,72097,2558240,3340724,1103929,705823,21217,5803,7290,5373508,2580851,1122764,130769,170170,488,3046,3540,7056479,2708699,567924,53569,2063,5924,0,0, ,12558232,2017142,337616,36224,1634,522,764,0,0, ,15356793,2054009,87455,8210,4232,0,0,0, , , ,19623436,822474,63217,210,488,612,0,0,0, , , 
 , , , , , , , , , , , , , , , , , , , , , , , , , , , , , , , , , , , , , , , , , , , , , , , , , , , ,10208, , , , , , , , , , , , ,0, ,0, ,0, ,4028, , , , 
 , , , , , , , , , , , , , , , , , , , , , , , , , , , , , , , , , , , , , , , , , , , , , , , , , , , , , ,0, ,0, ,0, ,24, , , ,0,0,0,0,0,0,186, , , , , 
 , , , , , , , , , , , , , , , , , , , , , , , , , , , , , , , , , , , , , , , , , , , ,0, ,0, ,0, ,7689, , ,0,0,0,0,0,0,0, , , , ,0,0,0,0,0,276,0,0, , , , 
 , , , , , , , , , , , , , , , , , , , , , , , , , , , , , , , , , , ,0, ,0, ,2, ,204, ,0,0,0,0,0,1,323, , , ,0,0,0,0,0,18,1,0, , , ,0,0,0,0,9,0,0, , , , , 
 , , , , , , , , , , , , , , , , , , , , , , , , , , ,0, ,0, ,65, ,126320,0,0,0,21,5,42,30, , ,0,0,0,3,48,571,2,0, , ,0,0,2,7,68,6,0, , , , ,0,0,0,831,15,0,0,0, , , , 
 , , , , , , , , , , , , , , , , , , , ,0, ,47, ,619, ,0,0,3,723,214,390,5536, ,0,28,7,926,770,3331,1,0, ,0,11,221,917,610,42,0, , , ,0,9,159,4623,140,2,0,0, , , ,0,1,115,537,14,0,0, , , , , 
 , , , , , , , , , , , , , ,1, ,2457, ,4249,0,16,2509,8534,3483,2030,970,1,3876,4123,14960,9158,41289,72,3,16,2944,18599,9795,4072,211,0, , ,424,2573,26928,25077,548,9,0,0, , ,308,2595,29435,3716,130,0,0, , , , ,67,13075,19077,698,2,0,0,0, , , , 
 , , , , , , , , ,1461, ,65028, ,257,60881,170032,121377,37610,7878,2452,274717,180285,163384,63249,36708,340,11934,388939,333760,64431,26693,7371,0, ,35799,540263,247449,100419,2519,71,0,0, ,46303,824148,212341,14577,492,0,0, , , ,35225,869570,109990,5443,156,0,0,0, , , ,32982,548685,37834,362,0,0,0, , , , , 
 , , , , , , ,2702643,144890,866668,6491830,880835,367072,3498782,6979394,2846376,1466959,279517,71465,5472995,3754139,3086762,330524,80693,21574,0,8277857,4550241,1212684,624718,11512,6846,5172,0,11884069,3562739,735538,54575,19047,0,0, , ,16872491,3667105,378540,20685,2837,2814,0,0, , ,22610862,1402456,92792,35498,0,0,0, , , , ,19741035,727164,17473,6030,2652,0,0,0, , , , 
 , , , , , , , , , , , , , , , , , , , , , , , , , , , , , , , , , , , , , , , , , ,34164, , , , , , , , , , ,0, ,0, ,0, ,13680, , , , ,0,0,0,0,0,0, , , , , , 
 , , , , , , , , , , , , , , , , , , , , , , , , , , , , , , , , , , , , , , , , , , ,0, ,0, ,0, ,232, , , ,0,0,0,0,0,624, , , , , ,0,0,0,0,540,0,0, , , , , 
 , , , , , , , , , , , , , , , , , , , , , , , , , , , , , , , , , ,0, ,0, ,4, ,30719, , ,0,0,0,0,0,43, , , , ,0,0,0,0,1076,5,0, , , , ,0,0,0,36,0,0, , , , , , 
 , , , , , , , , , , , , , , , , , , , , , , , , , ,0, ,0, ,359, ,16245, ,0,0,10,3,203,1582, , , ,0,0,1,12,1959,36,1, , , ,0,0,2,123,88,0, , , , , ,0,0,4254,9,4,0,0, , , , , 
 , , , , , , , , , , , , , , , , , , ,0, ,6, ,2540, ,115761,0,2,591,532,2727,3804, , ,9,1,633,3305,21294,177,3, , ,1,87,481,4659,622,0, , , , ,3,44,11728,1652,52,1,0, , , , ,1,150,159,249,0,0, , , , , , 
 , , , , , , , , , , , , ,0, ,2237, ,26370, ,1,240,12795,17386,15824,15069, ,1619,868,32282,39449,111904,1237,190, ,835,6493,45450,36640,3398,2, , , ,717,8019,89804,9866,501,6,0, , , ,564,7624,41060,1889,3,0, , , , , ,43488,3002,11827,154,0,0,0, , , , , 
 , , , , , , , ,188, ,140366, ,262111,1208,183987,320777,231092,88125,39471,36915,463046,621133,263189,145623,5063,1006,48988,942087,541259,192845,35109,23, , ,50099,1166593,652540,29131,3439,57,0, , ,94393,1302829,240482,19244,7,0, , , , ,152772,862146,60140,2641,754,0,0, , , , ,88670,255413,13046,4,0,0, , , , , , 
 , , , , , , , ,392632,7406116,3226917,2681304,507901,6326307,5093671,5838692,1786337,234222,15375,6373389,6748771,2669838,980978,170653,71, ,13337922,5259545,2513613,139811,68794,37263,0, ,16289249,4418285,506728,140812,30,0, , , ,22807271,2984078,218722,32602,13884,0,0, , , ,23205436,1000008,84646,183,0,0, , , , , ,18877167,313179,26622,9161,0,0,0, , , , , 
 , , , , , , , , , , , , , , , , , , , , , , , , , , , , , , , , ,143605, , , , , , , , , , ,0, ,0, ,47591, , , , ,0,0,0,0,0, , , , , , ,0,0,0,15756,0,0, , , , , , 
 , , , , , , , , , , , , , , , , , , , , , , , , , , , , , , , , , , ,0, ,1, ,10870, , , ,0,0,0,0,2151, , , , , ,0,0,0,4897,0,0, , , , , ,0,0,304,0,0, , , , , , , 
 , , , , , , , , , , , , , , , , , , , , , , , , , , ,0, ,195, ,152105, , ,0,0,1,80,2286, , , , ,0,0,4,10167,261,9, , , , ,0,0,302,8,0, , , , , , ,0,15647,0,1,0,0, , , , , , 
 , , , , , , , , , , , , , , , , , , , ,1, ,4836, ,74440, ,0,216,85,6800,21077, , , ,0,245,1029,66385,1466,92, , , ,18,137,3751,4097,0, , , , , ,14,11768,728,589,5,0, , , , , ,273,20,17,3,0, , , , , , , 
 , , , , , , , , , , , , , ,281, ,53425, ,282149,26,8005,22268,69947,63234, , ,78,9148,97635,267808,8112,1286, , ,1165,8638,156189,23281,63, , , , ,1344,42298,69579,3544,306,0, , , , ,2676,13405,19748,15,0, , , , , , ,1117,2066,1905,48,0,0, , , , , , 
 , , , , , , , , ,107979, ,602605, ,8110,418835,776088,429503,230714, ,27733,1247143,1073061,552715,33965,8625, ,96908,1595613,1152777,120491,366, , , ,134490,2150293,338483,17898,3749,0, , , ,306045,1035297,118179,157,2, , , , , ,313844,251378,13054,1015,0,0, , , , , ,153072,55598,427,1,0, , , , , , , 
 , , , , , , ,8007639,8225661,2793239,5878768,3197513,2269753,4279527,7659082,6357676,1893259,186595,102162,13414163,6074062,3698577,525741,1370, , ,13106916,6988218,924906,194227,82553,0, , ,25691637,2616414,436007,1053,3, , , , ,27840222,1012551,108378,37145,0,0, , , , ,18746925,338839,5509,0,0, , , , , , ,13720415,290413,21982,0,0,0, , , , , , 
 , , , , , , , , , , , , , , , , , , , , , , , , ,151177, , , , , , , , ,0, ,0, ,106417, , , , ,0,0,0,5, , , , , , ,3,0,36057,0,0, , , , , , ,0,4,0,0, , , , , , , , 
 , , , , , , , , , , , , , , , , , , , , , , , , , ,0, ,38, ,105377, , , ,0,3,13,4735, , , , , ,1,4,22735,4,13, , , , , ,3,656,0,0, , , , , , , ,27669,9,0,0,0, , , , , , , 
 , , , , , , , , , , , , , , , , , , ,0, ,2325, ,305044, , ,20,10,1331,43288, , , , ,24,225,108992,7361,122, , , , ,42,1061,396,15, , , , , , ,27304,132,78,47,0, , , , , , ,70,46,6,2, , , , , , , , 
 , , , , , , , , , , , , ,18, ,51111, ,374583, ,1898,2191,150927,272245, , , ,1827,13005,547879,38277,2548, , , ,1463,92837,113368,815, , , , , ,51253,24145,16910,292,0, , , , , ,4414,2634,204,1, , , , , , , ,2413,662,152,0,0, , , , , , , 
 , , , , , , , ,10362, ,1056848, ,1491003,116485,784931,1301130,887588, , ,115396,1898414,2313333,133051,25182, , ,193381,2659446,606180,2861, , , , ,1155111,954582,80870,3957,0, , , , ,765217,236702,3332,8, , , , , , ,365943,47067,2724,0,0, , , , , , ,172599,8513,19,0, , , , , , , , 
 , , , , , , , ,4567335,3027742,6255977,4618959, ,6380997,7209441,5041217,511979,199249, ,8636410,6194841,1453662,9873, , , ,20269603,2344665,437589,106878,0, , , ,16866658,1352168,6625,18, , , , , ,20568396,222030,39991,0,0, , , , , ,15223299,51733,7,0, , , , , , , ,10701166,13186,0,0,0, , , , , , , 
 , , , , , , , , , , , , , , , , , ,386705, , , , , , , , ,10, ,312175, , , , ,1,18,136, , , , , , ,17,36664,10,9, , , , , , ,28,13,0, , , , , , , , ,6,4,0,0, , , , , , , , 
 , , , , , , , , , , , , , , , , , , , ,489, ,418022, , , ,4,293,17864, , , , , ,146,106399,392,186, , , , , ,1058,336,37, , , , , , , ,349,149,15,0, , , , , , , ,149,25,0, , , , , , , , , 
 , , , , , , , , , , , , , ,15619, ,1061881, , ,268,14770,659660, , , , ,3448,563156,181352,2288, , , , ,28492,13849,1337, , , , , , ,14623,6025,656,0, , , , , , ,8082,991,21, , , , , , , , ,3066,191,0,0, , , , , , , , 
 , , , , , , , , ,900569, ,2971785, ,48112,1062960,2501242, , , ,405067,3642008,674726,19797, , , ,1830051,654779,20620, , , , , ,1212302,125512,4130,0, , , , , ,904029,18926,197, , , , , , , ,338940,10843,7,0, , , , , , , ,173309,903,1, , , , , , , , , 
 , , , , , , ,7607903,620008,2157464,6277993, , ,11486250,6979384,1075805,454963, , ,12244643,1689940,48018, , , , ,11674863,781363,98362,0, , , , ,14367614,21426,242, , , , , , ,7415131,73500,0,0, , , , , , ,12691170,1350,0, , , , , , , , ,6739636,350,3,0, , , , , , , , 
 , , , , , , , , , , , ,2010621, , , , , , ,321, ,381000, , , , ,423,5295, , , , , , ,51332,1120,487, , , , , , ,1367,225, , , , , , , , ,650,92,6, , , , , , , , ,100,3, , , , , , , , , , 
 , , , , , , , , , , , , ,7695, ,2387762, , , ,8479,136633, , , , , ,227779,53020,6611, , , , , ,42907,7479, , , , , , , ,29042,2382,102, , , , , , , ,7372,207, , , , , , , , , ,2685,34,0, , , , , , , , , 
 , , , , , , , ,2134821, ,7396763, , ,180490,1446471, , , , ,5321867,188179,56593, , , , ,1117060,48788, , , , , , ,1136947,20052,433, , , , , , ,388478,2863, , , , , , , , ,290764,510,3, , , , , , , , ,430937,30, , , , , , , , , , 
 , , , , , , , ,314906,1966595, , , ,15338053,382755,1292591, , , ,9317083,20418, , , , , ,6518050,605872,133, , , , , ,5628025,2789, , , , , , , ,9163968,592,0, , , , , , , ,4140977,53, , , , , , , , , ,4872154,5,0, , , , , , , , , 
 , , , , , , ,8801174, , , , , , ,2508952, , , , ,311426, , , , , , ,34966,17384, , , , , , ,14024, , , , , , , , ,5173,243, , , , , , , , ,1797, , , , , , , , , , ,156,5, , , , , , , , , , 
 , , , , , , , , , , , , ,3633953, , , , , ,421414, , , , , , ,149198, , , , , , , ,2295846, , , , , , , , ,526307, , , , , , , , , ,13441, , , , , , , , , , ,1330, , , , , , , , , , , 
 , , , , , , , ,3668709, , , , ,156629, , , , , ,171043, , , , , , ,2508831, , , , , , , ,11297077, , , , , , , , ,88078, , , , , , , , , ,18644, , , , , , , , , , ,3084698, , , , , , , , , , , 
 , , , , , , , , , , , , , , , , , , , , , , , , , , , , , , , , , , , , , , , , , , , , , , , , , , , , , , , , , , , , , , , , , , , , , , , , , , , 
 , , , , , , , , , , , , , , , , , , , , , , , , , , , , , , , , , , , , , , , , , , , , , , , , , , , , , , , , , , , , , , , , , , , , , , , , , , , 
